ID,Name
3f0226c12803401681bb8528ffcbe375,Jeffrey Blitt
41173c75c0744b08bdebf53a8a6faf9a,Dean
5946dbdca98f489ab0819f9784523ad7,Dalton
5d6108a722d84535ab787ea0cbda958f,Jake Sorscher
619cf681c25244809e6cbfb0dffe66a1,eestevens0131
68016b3ccb0e4780856c4bb8a8d798ed,Sam Livermore
716e73d73d444b08b52ccc293c1b0517,James Cameron
89daec8f4d44437b9b6f4328a734c7a4,Lucy
934a2386d8344626ba1d1aafd7108902,Annmarie
a04dbd780c1e4df59e1617574f1ae4a4,William Sherwood
a4126addfdc64ee085297b198466afb2,Sarah
bf2f8fe4ff5147e5b45f3ac75940a1b7,Kate
d2f9038dfd4243b2becf4b7114cc94fe,Athreya Ramesh
e3a109c29f194ee5b2ce022672ca72c4,joshy.harvey
