ID,Created,Name,Description,Playlist URL
a57cad45e69c4f6da688d02ec1e0a330,2021-06-21T22:21:06Z,Animal Songs,"Song about an animal, has an animal in the title, or something like that",https://open.spotify.com/playlist/3AbXdrryDontKrpqip41pb
b7ee07c554744044adedf596430c3b64,2021-07-01T01:04:10Z,Songs with a location in the title,,https://open.spotify.com/playlist/4IxbHnTuwc3jMNkCb1m9IV
9e67e53f515541cc9ded6fbe26a5356f,2021-07-07T03:54:04Z,Songs with a name in the title ,"Like a person's name. Just has to be IN the title, doesn't have to be the whole title",https://open.spotify.com/playlist/6JkOvj0xsOA1Q5DWVF1WIH
b6d6c2c8fc754b79ac45454f68873523,2021-07-12T03:15:11Z,Pirate/Ship songs,"The dread captain Athreya Ramesh has declared the theme to be nautical and pirates! Submit your songs, ya scurvy dogs!",https://open.spotify.com/playlist/3fz7CmOWVB9PfqgCP1HSfw
c49edf812e13449e8037c42dff40e66a,2021-07-20T12:23:28Z,It's About Time,"Timelord James wants songs related to time! Seconds, hours, weeks, eons - whatever! There needs to be a unit of time in the ",https://open.spotify.com/playlist/7cpsYBELLuu5erK93fFmC7
1a569cf0a7514cd1a3be15da680dc409,2021-07-30T14:03:01Z,Growth,,https://open.spotify.com/playlist/23eWtc7CVoniXEOaXEe2lQ
8c0f24931dee489bbd6976b1c700f3e3,2021-08-10T16:51:50Z,Covers,"Athreya, the true winner, graciously allowed Emma to pick this round's theme. The theme is covers, arguably (or definitely) better than the original!",https://open.spotify.com/playlist/5BJ4BvUGLXVtVi9SQqK780
fcb3f3c167434b699bcc4ad63e862147,2021-08-22T17:32:08Z,Boss Battle!,Submit songs from video games - covers and sampling allowed!,https://open.spotify.com/playlist/2l2uAzY8Lq8CgYO6s9qiLR
f6ac938618c34c0b8a6b12a03e0ebcd9,2021-09-04T20:03:37Z,Foreign Songs,"If you submit a song with any English, Lucy will resort to murder and if you submit Despacito, you get a life sentence in supermax.",https://open.spotify.com/playlist/3Ma5Qi73hGJg5j70WOF0gd
013e6953aed744beb1a89f6215ff19c4,2021-09-18T15:33:27Z,Whimsy,"Will humbly requests whimsical songs of weird words, wacky noises, songs that generally make you go wtf but in a good way",https://open.spotify.com/playlist/6FC9DvqH3h9FDy2nVYe64j
b6a88f43465c47f6a2e0e86c7472e1df,2021-10-04T01:39:59Z,Fight,Songs to fight god to,https://open.spotify.com/playlist/11klSn9nHcy9TtPfftKFqc
a884097ba95e46cea30aa357c161764a,2021-10-18T14:53:38Z,Movie/TV songs,,https://open.spotify.com/playlist/6kICdK0k3lAuWpgkMSocP5
a90a32acc6bf47f2b5f7ab361245c6c9,2021-11-03T03:20:01Z,Friends or Housemates,Songs about not knowing where you stand with someone ,https://open.spotify.com/playlist/2BALQDAzfTI8qamx1MUaSm
eb6b683bebf54148a37cd2e1ef0e630d,2021-11-20T19:06:00Z,2020 Most Listened To,,https://open.spotify.com/playlist/2ftAbrBTfCGJ4dlCtxfmFI
e41a77662efe4af8966d1103c9807c04,2021-12-04T21:28:52Z,2021 Most Listened To,Spotify wrapped just dropped bitches!! What's your top song of 2021? Also guess who's is who!,https://open.spotify.com/playlist/73vEiObKK8YaSEq14LAdVz
21fe72edbbdd48e3a104bb5616fdc457,2021-12-28T18:29:14Z,Warm and Cozy,,https://open.spotify.com/playlist/1f1Nc3Bd4UyHplCTNPjC3Y
5d80d1df32104823a522a76b067fe559,2022-01-15T22:18:47Z,S P A C E,,https://open.spotify.com/playlist/0WhrSjAzecpkiX0N3LXhKo
