Spotify URI,Submitter ID,Created,Comment,Round ID
spotify:track:0wP9okoDWmbeC2w9E8ZzPu,716e73d73d444b08b52ccc293c1b0517,2021-06-24T17:00:30Z,"I submit for approval of the board, not only is the name referencing a cat, but the IMAGE for the SONG ITSELF is that of a CAT. I rest my case.",a57cad45e69c4f6da688d02ec1e0a330
spotify:track:1ITQbrueGLl581a25XXm9c,a4126addfdc64ee085297b198466afb2,2021-06-22T00:56:35Z,,a57cad45e69c4f6da688d02ec1e0a330
spotify:track:3AaiEsiqHO2ylnnOdWninE,89daec8f4d44437b9b6f4328a734c7a4,2021-06-21T22:34:18Z,the animal is obviously shrimp,a57cad45e69c4f6da688d02ec1e0a330
spotify:track:4qn3XK6IW2cKjWjSk37t6p,619cf681c25244809e6cbfb0dffe66a1,2021-06-21T23:29:32Z,,a57cad45e69c4f6da688d02ec1e0a330
spotify:track:53is1DHKuBWeh4Jx9ISKZp,41173c75c0744b08bdebf53a8a6faf9a,2021-06-22T02:49:07Z,this is real fucking music,a57cad45e69c4f6da688d02ec1e0a330
spotify:track:64F1ojnPPiJiFZtYQtHB7r,bf2f8fe4ff5147e5b45f3ac75940a1b7,2021-06-21T22:40:31Z,,a57cad45e69c4f6da688d02ec1e0a330
spotify:track:6z845HgrurV2LSN9fg2LYV,a04dbd780c1e4df59e1617574f1ae4a4,2021-06-21T23:53:32Z,The way nature documentaries should be,a57cad45e69c4f6da688d02ec1e0a330
spotify:track:7binVaiX1CoyaDdyGYDBxz,5946dbdca98f489ab0819f9784523ad7,2021-06-22T02:27:27Z,,a57cad45e69c4f6da688d02ec1e0a330
spotify:track:7qErExxM8xsfC1cogPTyLj,3f0226c12803401681bb8528ffcbe375,2021-06-27T05:08:08Z,"Fun fact: If memory serves, the artist is neither a zebra nor a bumblebee.",a57cad45e69c4f6da688d02ec1e0a330
spotify:track:0ecM7uGyjgJnBliXS2fPP9,41173c75c0744b08bdebf53a8a6faf9a,2021-07-01T04:06:01Z,It was a coin flip between this and Ni**as in Paris,b7ee07c554744044adedf596430c3b64
spotify:track:152lZdxL1OR0ZMW6KquMif,5d6108a722d84535ab787ea0cbda958f,2021-07-01T15:38:15Z,,b7ee07c554744044adedf596430c3b64
spotify:track:3CQRsooJ00yGTUe0Q16vKi,619cf681c25244809e6cbfb0dffe66a1,2021-07-01T12:45:55Z,This title has TWO cities in it. ,b7ee07c554744044adedf596430c3b64
spotify:track:3g6Iv6AJddkj641ufya8h4,3f0226c12803401681bb8528ffcbe375,2021-07-01T15:36:21Z,,b7ee07c554744044adedf596430c3b64
spotify:track:40riOy7x9W7GXjyGp4pjAv,bf2f8fe4ff5147e5b45f3ac75940a1b7,2021-07-01T01:06:29Z,"California is a place, but hotel california is also a place 👀",b7ee07c554744044adedf596430c3b64
spotify:track:4U45aEWtQhrm8A5mxPaFZ7,89daec8f4d44437b9b6f4328a734c7a4,2021-07-01T01:37:11Z,i told my sister i could play it on the piano and then she looked at the sheet music once and started playing it sooo much better than me :'),b7ee07c554744044adedf596430c3b64
spotify:track:4VWbPQUPvLes814r6T11Jz,a04dbd780c1e4df59e1617574f1ae4a4,2021-07-01T20:48:28Z,,b7ee07c554744044adedf596430c3b64
spotify:track:4ylE1Sl2wohbCvToD1fHsl,5946dbdca98f489ab0819f9784523ad7,2021-07-04T00:19:30Z,,b7ee07c554744044adedf596430c3b64
spotify:track:5bTysxqGHXdSGiZVgljzCY,d2f9038dfd4243b2becf4b7114cc94fe,2021-07-01T16:27:46Z,,b7ee07c554744044adedf596430c3b64
spotify:track:6kZOzkzFq87uGe2su0XeeS,716e73d73d444b08b52ccc293c1b0517,2021-07-02T03:55:32Z,"Mingulay is in Scotland, going for the prestigious ""Smallest Location"" award.",b7ee07c554744044adedf596430c3b64
spotify:track:7Bo0xLcXWx3pdhqwthqGaz,a4126addfdc64ee085297b198466afb2,2021-07-04T00:45:02Z,,b7ee07c554744044adedf596430c3b64
spotify:track:3btnA7GWKvQjFlfsrjuWk9,619cf681c25244809e6cbfb0dffe66a1,2021-07-08T14:29:50Z,"Jackie Onassis, aka Jackie Kennedy Onassis, aka Jackie Kennedy. Big name",9e67e53f515541cc9ded6fbe26a5356f
spotify:track:3ERt1xubamWhMOBwCxOITL,716e73d73d444b08b52ccc293c1b0517,2021-07-07T04:10:19Z,Probably not actually inspired by Mr. Balboa but it is a name,9e67e53f515541cc9ded6fbe26a5356f
spotify:track:403vzOZN0tETDpvFipkNIL,5d6108a722d84535ab787ea0cbda958f,2021-07-08T14:15:56Z,,9e67e53f515541cc9ded6fbe26a5356f
spotify:track:4zvJV8Nrbjruyww3vvNI8M,5946dbdca98f489ab0819f9784523ad7,2021-07-07T04:12:58Z,,9e67e53f515541cc9ded6fbe26a5356f
spotify:track:5hTpBe8h35rJ67eAWHQsJx,89daec8f4d44437b9b6f4328a734c7a4,2021-07-07T03:55:09Z,"been learning how to drive and listening to this in the car is good vibes, ya know? ",9e67e53f515541cc9ded6fbe26a5356f
spotify:track:6kopmMZiyLmw7h66uXcXR7,bf2f8fe4ff5147e5b45f3ac75940a1b7,2021-07-07T04:04:19Z,,9e67e53f515541cc9ded6fbe26a5356f
spotify:track:6QhXQOpyYvbpdbyjgAqKdY,a4126addfdc64ee085297b198466afb2,2021-07-07T04:37:01Z,,9e67e53f515541cc9ded6fbe26a5356f
spotify:track:7BKUWh5sdtdS17crohRe4L,41173c75c0744b08bdebf53a8a6faf9a,2021-07-07T05:30:16Z,,9e67e53f515541cc9ded6fbe26a5356f
spotify:track:7eMpW9I1ZpVs6VQ90naDBh,a04dbd780c1e4df59e1617574f1ae4a4,2021-07-07T12:19:46Z,,9e67e53f515541cc9ded6fbe26a5356f
spotify:track:7MkysLvt3L8UFji2PceoFU,3f0226c12803401681bb8528ffcbe375,2021-07-07T03:55:18Z,,9e67e53f515541cc9ded6fbe26a5356f
spotify:track:7nzsY8vlnKdvGOEE0rjAXZ,d2f9038dfd4243b2becf4b7114cc94fe,2021-07-08T14:20:59Z,,9e67e53f515541cc9ded6fbe26a5356f
spotify:track:20NEld0MhrR4Zpgrf9brq8,619cf681c25244809e6cbfb0dffe66a1,2021-07-12T14:00:09Z,,b6d6c2c8fc754b79ac45454f68873523
spotify:track:2BY7ALEWdloFHgQZG6VMLA,3f0226c12803401681bb8528ffcbe375,2021-07-15T16:49:46Z,Someone took my first choice 😤,b6d6c2c8fc754b79ac45454f68873523
spotify:track:2HAAO5Jp64H3FMo2SN0AWc,41173c75c0744b08bdebf53a8a6faf9a,2021-07-12T03:44:30Z,God this song sucks but it fits so well ,b6d6c2c8fc754b79ac45454f68873523
spotify:track:3IQSYqnKsCTMLWn2xE3HFT,a4126addfdc64ee085297b198466afb2,2021-07-12T03:39:47Z,Nautical AF ,b6d6c2c8fc754b79ac45454f68873523
spotify:track:4asjU3sDnn3002bTJIg2vZ,5946dbdca98f489ab0819f9784523ad7,2021-07-12T03:38:11Z,"The song title, the album, and the lyrics all mention boats/ships! Also almost chose “Float On” but figured this is more like it. I have a feeling this song didn’t match the vibe of the others, though LOL",b6d6c2c8fc754b79ac45454f68873523
spotify:track:536L9C0N7vhYdibCJx3cI2,5d6108a722d84535ab787ea0cbda958f,2021-07-12T03:36:25Z,Great Lakes! Yay! This is a classic in my family…,b6d6c2c8fc754b79ac45454f68873523
spotify:track:5Su5ILFp6U83cnIXwfmlC5,d2f9038dfd4243b2becf4b7114cc94fe,2021-07-12T17:29:13Z,,b6d6c2c8fc754b79ac45454f68873523
spotify:track:69HEUcXd73lvnQVb34m53L,89daec8f4d44437b9b6f4328a734c7a4,2021-07-12T04:12:58Z,the sea shanty to end all shanties!,b6d6c2c8fc754b79ac45454f68873523
spotify:track:6Rc0PvOpzYOmmFeCS3MHsr,716e73d73d444b08b52ccc293c1b0517,2021-07-13T01:32:08Z,"A really fun song, love da romantics",b6d6c2c8fc754b79ac45454f68873523
spotify:track:7hMhO4oenpVkVaM5bNkEbz,bf2f8fe4ff5147e5b45f3ac75940a1b7,2021-07-12T16:06:52Z,,b6d6c2c8fc754b79ac45454f68873523
spotify:track:7rSERmjAT38lC5QhJ8hnQc,a04dbd780c1e4df59e1617574f1ae4a4,2021-07-12T03:16:05Z,,b6d6c2c8fc754b79ac45454f68873523
spotify:track:02KpkaZbiutsR0ucxce4Sh,a04dbd780c1e4df59e1617574f1ae4a4,2021-07-24T15:10:58Z,2021 hasnt quite lived up to this promise.... but any day now...,c49edf812e13449e8037c42dff40e66a
spotify:track:0BCPKOYdS2jbQ8iyB56Zns,bf2f8fe4ff5147e5b45f3ac75940a1b7,2021-07-21T12:57:03Z,"Not a unit, but it is a way to measure time :)",c49edf812e13449e8037c42dff40e66a
spotify:track:0PHwCbA310LLIMcSDpQbgF,d2f9038dfd4243b2becf4b7114cc94fe,2021-07-23T15:34:12Z,,c49edf812e13449e8037c42dff40e66a
spotify:track:1INvWY0xcIMij69ACS9JFm,3f0226c12803401681bb8528ffcbe375,2021-07-22T17:45:23Z,"I would consider ""times"" to be a unit of time, but it's ultimately up to the people.",c49edf812e13449e8037c42dff40e66a
spotify:track:1KlDcHrlDPUJJPmMup3tUp,a4126addfdc64ee085297b198466afb2,2021-07-24T21:57:22Z,,c49edf812e13449e8037c42dff40e66a
spotify:track:4M6XHrTc4RtdgKN9gzEAM6,89daec8f4d44437b9b6f4328a734c7a4,2021-07-20T17:28:18Z,,c49edf812e13449e8037c42dff40e66a
spotify:track:4zP7ADsgJgHGY6VzxbNp1z,619cf681c25244809e6cbfb0dffe66a1,2021-07-20T22:26:24Z,,c49edf812e13449e8037c42dff40e66a
spotify:track:6iOQIQleZKnvWbPu9LZLnY,5d6108a722d84535ab787ea0cbda958f,2021-07-21T02:12:13Z,,c49edf812e13449e8037c42dff40e66a
spotify:track:6lanRgr6wXibZr8KgzXxBl,41173c75c0744b08bdebf53a8a6faf9a,2021-07-21T02:20:42Z,,c49edf812e13449e8037c42dff40e66a
spotify:track:7AJVchRPMcVMHMXxtIpZHJ,716e73d73d444b08b52ccc293c1b0517,2021-07-20T14:17:15Z,"Going absolutely wacky with a weird one. Also for the DnD of you, Nox Arcana is great music for creativity and serious moments",c49edf812e13449e8037c42dff40e66a
spotify:track:7ohqcy0MESjxurNED68okJ,5946dbdca98f489ab0819f9784523ad7,2021-07-20T17:21:21Z,,c49edf812e13449e8037c42dff40e66a
spotify:track:05XPxcgHp4I4CFlOhMnskS,716e73d73d444b08b52ccc293c1b0517,2021-08-01T03:46:07Z,"Growth because ""garden"". Also what a piece of cover art",1a569cf0a7514cd1a3be15da680dc409
spotify:track:0aftx7farzLcVMxE6AIFXv,bf2f8fe4ff5147e5b45f3ac75940a1b7,2021-08-02T18:16:10Z,I struggled submitting a song for this but I love this one,1a569cf0a7514cd1a3be15da680dc409
spotify:track:0esHezFmfSJ01IzXdA9aci,d2f9038dfd4243b2becf4b7114cc94fe,2021-08-01T22:52:07Z,,1a569cf0a7514cd1a3be15da680dc409
spotify:track:0PeMHmjYZTbQnWmQjYAM2k,3f0226c12803401681bb8528ffcbe375,2021-07-30T14:04:03Z,"Take that, Emma",1a569cf0a7514cd1a3be15da680dc409
spotify:track:1BwhFXqoIsePt21WyWIttb,a04dbd780c1e4df59e1617574f1ae4a4,2021-07-31T15:54:47Z,,1a569cf0a7514cd1a3be15da680dc409
spotify:track:25ran9X0iBOYnxFdP6c28n,5946dbdca98f489ab0819f9784523ad7,2021-07-30T15:10:05Z,,1a569cf0a7514cd1a3be15da680dc409
spotify:track:3FFpGDzfkwJGjfIqM6BNMC,89daec8f4d44437b9b6f4328a734c7a4,2021-08-01T00:46:35Z,,1a569cf0a7514cd1a3be15da680dc409
spotify:track:5DJNyvuMmZfsfvdTpMMmUq,41173c75c0744b08bdebf53a8a6faf9a,2021-08-03T00:28:40Z,,1a569cf0a7514cd1a3be15da680dc409
spotify:track:5ihS6UUlyQAfmp48eSkxuQ,a4126addfdc64ee085297b198466afb2,2021-07-30T14:08:19Z,,1a569cf0a7514cd1a3be15da680dc409
spotify:track:6VRRu9NewkmX12BMCvCJQ1,5d6108a722d84535ab787ea0cbda958f,2021-07-31T15:57:32Z,,1a569cf0a7514cd1a3be15da680dc409
spotify:track:73681b7Hc0THHGZrSzl75y,619cf681c25244809e6cbfb0dffe66a1,2021-07-30T14:34:41Z,"As someone who’s not used to livin alone, not used to speaking my mind, etc., I’ve been listening to this song a lot the past couple months. ",1a569cf0a7514cd1a3be15da680dc409
spotify:track:1BwaPm2VjiOenzjW1TOZuW,e3a109c29f194ee5b2ce022672ca72c4,2021-08-11T05:28:32Z,,8c0f24931dee489bbd6976b1c700f3e3
spotify:track:1i5gQ9q9NA42pvRZscaZaG,3f0226c12803401681bb8528ffcbe375,2021-08-10T17:27:32Z,"The original song is some of The Beatles' worst work. This, however, is a funky masterpiece.",8c0f24931dee489bbd6976b1c700f3e3
spotify:track:1pUmLaFptc0Dfgs7HU2QqX,5946dbdca98f489ab0819f9784523ad7,2021-08-10T16:55:03Z,"Ok, I know almost everyone knew that either Jake or I submitted this, and also the original goes hard too, but this cover is fantastic, and you’re lucky I didn’t choose a Weezer cover of No Scrubs or something instead lol",8c0f24931dee489bbd6976b1c700f3e3
spotify:track:1qxjyEmiKqgcukhqEawmqK,68016b3ccb0e4780856c4bb8a8d798ed,2021-08-12T20:57:18Z,,8c0f24931dee489bbd6976b1c700f3e3
spotify:track:1QzIPFcpaapCryW5wRsgU4,5d6108a722d84535ab787ea0cbda958f,2021-08-12T01:43:57Z,,8c0f24931dee489bbd6976b1c700f3e3
spotify:track:3HszEQiMdPTNcglWcnMGk3,a4126addfdc64ee085297b198466afb2,2021-08-15T03:41:09Z,From the Big Mouth Bat Mitzvah episode ,8c0f24931dee489bbd6976b1c700f3e3
spotify:track:3oQomOPRNQ5NVFUmLJHbAV,716e73d73d444b08b52ccc293c1b0517,2021-08-10T16:56:39Z,"Makes me emotional, truly beautiful song. Also maybe the only cover I can summon",8c0f24931dee489bbd6976b1c700f3e3
spotify:track:5cwCW4r6ybpSiHWMpMKHoJ,89daec8f4d44437b9b6f4328a734c7a4,2021-08-10T18:08:08Z,,8c0f24931dee489bbd6976b1c700f3e3
spotify:track:5ltD2rZ30hNCrUwZthipBV,a04dbd780c1e4df59e1617574f1ae4a4,2021-08-12T22:02:59Z,,8c0f24931dee489bbd6976b1c700f3e3
spotify:track:6cHSEvGW7g1XG6mClspREk,d2f9038dfd4243b2becf4b7114cc94fe,2021-08-13T01:23:28Z,,8c0f24931dee489bbd6976b1c700f3e3
spotify:track:6N6lIHN5pH5EAbAHB38mL3,bf2f8fe4ff5147e5b45f3ac75940a1b7,2021-08-12T16:37:09Z,It was too hard to pick for this and honestly I'm so excited for this round's extended cut,8c0f24931dee489bbd6976b1c700f3e3
spotify:track:78OIsWux4xPkuZXMSnXmCF,41173c75c0744b08bdebf53a8a6faf9a,2021-08-12T01:54:39Z,"These guys are awesome, watch their music videos",8c0f24931dee489bbd6976b1c700f3e3
spotify:track:7etPhiKxGfTihLqeDnvo9w,619cf681c25244809e6cbfb0dffe66a1,2021-08-10T16:58:03Z,I LOVE that they covered an NSYNC song. Plus the brass is INCREDIBLE ,8c0f24931dee489bbd6976b1c700f3e3
spotify:track:15PrXE7w4l2YxN4xas1ymV,716e73d73d444b08b52ccc293c1b0517,2021-08-27T18:54:49Z,"Absolute banger from Tropico 4, which is SimCity but Caribbean dictator",fcb3f3c167434b699bcc4ad63e862147
spotify:track:1ghlpxVfPbFH2jenrv9vVw,e3a109c29f194ee5b2ce022672ca72c4,2021-08-28T17:32:04Z,,fcb3f3c167434b699bcc4ad63e862147
spotify:track:2brQo0jABBYPVQxozdpB2j,619cf681c25244809e6cbfb0dffe66a1,2021-08-27T01:14:37Z,I don’t even care if I get votes on this one,fcb3f3c167434b699bcc4ad63e862147
spotify:track:2TmUt0ofWMa02MdYkKhK4C,5d6108a722d84535ab787ea0cbda958f,2021-08-22T17:43:00Z,brb ima go raid this bastion ,fcb3f3c167434b699bcc4ad63e862147
spotify:track:34Iz2YaDtsHzcxKcFYywnz,a4126addfdc64ee085297b198466afb2,2021-08-28T18:59:42Z,,fcb3f3c167434b699bcc4ad63e862147
spotify:track:3hRQVUaNrPJlnzudLutmSa,41173c75c0744b08bdebf53a8a6faf9a,2021-08-23T16:02:23Z,Nothing like a sea shanty mixed with a bit of workers revolution ,fcb3f3c167434b699bcc4ad63e862147
spotify:track:4R6Yt1a8WR5lHzB8CfoJdX,68016b3ccb0e4780856c4bb8a8d798ed,2021-08-27T19:33:22Z,I don't truly expect anyone in their right mind to vote for this but I was just so excited to remember that this song exists,fcb3f3c167434b699bcc4ad63e862147
spotify:track:52t5KF0Prb1S3G0RXXruF6,3f0226c12803401681bb8528ffcbe375,2021-08-22T17:39:05Z,"Andrew showed me this band freshman year, and they sure do churn out bangers",fcb3f3c167434b699bcc4ad63e862147
spotify:track:5Kf37DZcwTIXAWDuDxc8t0,d2f9038dfd4243b2becf4b7114cc94fe,2021-08-26T22:09:45Z,,fcb3f3c167434b699bcc4ad63e862147
spotify:track:5lfoxLv56xGnP8CDLfhA7r,a04dbd780c1e4df59e1617574f1ae4a4,2021-08-26T22:22:31Z,Perfect song for a boss fight,fcb3f3c167434b699bcc4ad63e862147
spotify:track:5tafBbOkBCpvYAFq8OBmBB,5946dbdca98f489ab0819f9784523ad7,2021-08-23T02:59:14Z,"There’s a song called Resurrections on this album that I like more, but it’s just shy of 10 minutes long, so I went with the 6 min instead to avoid hate. Also never played this game before but LOVE its soundtrack",fcb3f3c167434b699bcc4ad63e862147
spotify:track:7BGZ27yeaKR5OZOIxyegZi,89daec8f4d44437b9b6f4328a734c7a4,2021-08-27T00:52:51Z,hot take: this is better than megalomania 🤪,fcb3f3c167434b699bcc4ad63e862147
spotify:track:7qutORNbBeywDgWXKOJlFD,bf2f8fe4ff5147e5b45f3ac75940a1b7,2021-08-27T20:14:28Z,Melee is probably the only game I really played growing up and this was a fun version,fcb3f3c167434b699bcc4ad63e862147
spotify:track:02JIdsrod3BYucThfUFDUX,619cf681c25244809e6cbfb0dffe66a1,2021-09-10T04:01:35Z,"*Cue the Eiffel Tower, crepes, and rats* ",f6ac938618c34c0b8a6b12a03e0ebcd9
spotify:track:0HU6iAeBwxODFxkiRMTgF1,5946dbdca98f489ab0819f9784523ad7,2021-09-04T20:12:59Z,"I only have two non-English songs in my library and this is one of them, plus Zenzenzense. Willing to bet I added this song because of Lucy",f6ac938618c34c0b8a6b12a03e0ebcd9
spotify:track:0rcXDhErKwQLqjXfamq6co,a04dbd780c1e4df59e1617574f1ae4a4,2021-09-04T21:12:40Z,Indigenous Siberian Group. Language is of the Turkic Family,f6ac938618c34c0b8a6b12a03e0ebcd9
spotify:track:1B8txXLeZkGA65JwmENUGD,68016b3ccb0e4780856c4bb8a8d798ed,2021-09-09T17:10:00Z,oui oui français,f6ac938618c34c0b8a6b12a03e0ebcd9
spotify:track:1v5ux3K8vE1CWxDa0PVyGu,5d6108a722d84535ab787ea0cbda958f,2021-09-10T21:43:42Z,,f6ac938618c34c0b8a6b12a03e0ebcd9
spotify:track:2He9deEfdXYWxnTUi0oOb0,3f0226c12803401681bb8528ffcbe375,2021-09-10T20:52:55Z,I wanna say…Japanese?,f6ac938618c34c0b8a6b12a03e0ebcd9
spotify:track:3L1jrlL7DuCaTlBrE7rnDy,d2f9038dfd4243b2becf4b7114cc94fe,2021-09-08T00:05:51Z,,f6ac938618c34c0b8a6b12a03e0ebcd9
spotify:track:4IdQZXMOooaIRoP7N2qCn8,e3a109c29f194ee5b2ce022672ca72c4,2021-09-10T03:45:58Z,,f6ac938618c34c0b8a6b12a03e0ebcd9
spotify:track:5OrVh0Dgi3OzrGTqyHB5M6,a4126addfdc64ee085297b198466afb2,2021-09-10T15:23:46Z,Double points for two languages 🙏 ,f6ac938618c34c0b8a6b12a03e0ebcd9
spotify:track:5xrtzzzikpG3BLbo4q1Yul,89daec8f4d44437b9b6f4328a734c7a4,2021-09-05T19:41:30Z,,f6ac938618c34c0b8a6b12a03e0ebcd9
spotify:track:63tX7z04toGCTzskTJl35n,bf2f8fe4ff5147e5b45f3ac75940a1b7,2021-09-09T02:18:09Z,Swedish,f6ac938618c34c0b8a6b12a03e0ebcd9
spotify:track:6UDFkqHY5gLREnSh9jd5th,716e73d73d444b08b52ccc293c1b0517,2021-09-06T16:45:12Z,"Another video game song from Civilization 4, and the first and only video game song to win a Grammy! Beautiful shit, also language is Swahili!",f6ac938618c34c0b8a6b12a03e0ebcd9
spotify:track:7xNpCuqDKASx2f64nkhzNm,41173c75c0744b08bdebf53a8a6faf9a,2021-09-08T03:30:32Z,The only song that has made me cry. Listen and weep,f6ac938618c34c0b8a6b12a03e0ebcd9
spotify:track:0ccCwNzXvr1Yoz91vKz31Z,5946dbdca98f489ab0819f9784523ad7,2021-09-18T15:36:11Z,If a song about someone fighting pink robots with her karate skills isn’t whimsical then I don’t know what is,013e6953aed744beb1a89f6215ff19c4
spotify:track:0mBe4dWMRLXvrAs8ixpmbp,68016b3ccb0e4780856c4bb8a8d798ed,2021-09-23T18:49:24Z,I had too many ~whims~ https://open.spotify.com/playlist/2TPNwPH1vmnMqzox0YUJA8?si=8a9941e5e0834e87,013e6953aed744beb1a89f6215ff19c4
spotify:track:17q1nFo1UQvXiQ8TD7aI8H,a04dbd780c1e4df59e1617574f1ae4a4,2021-09-20T22:49:09Z,"This one's got whimsy out the wazoo-- but if you need more, might I suggest: https://open.spotify.com/track/4lBR3RPVyIeQkGXO6YjWDj?si=c4b873f65e8a4980",013e6953aed744beb1a89f6215ff19c4
spotify:track:1tuWxBWEd09LK07Shs48Iv,a4126addfdc64ee085297b198466afb2,2021-09-24T21:50:38Z,,013e6953aed744beb1a89f6215ff19c4
spotify:track:21AUdfi6fLFDp9JuNcHsfS,89daec8f4d44437b9b6f4328a734c7a4,2021-09-23T16:20:22Z,sung by a virtual singing software! 👀,013e6953aed744beb1a89f6215ff19c4
spotify:track:2FeVMO6qFT8eYfRaZ7eQge,619cf681c25244809e6cbfb0dffe66a1,2021-09-24T13:30:32Z,It’s like 8 minutes long but it’s fabulous. The entire album is an incredible piece of art.,013e6953aed744beb1a89f6215ff19c4
spotify:track:2GsiDLDLYa5dvI7FD7OQos,bf2f8fe4ff5147e5b45f3ac75940a1b7,2021-09-23T14:57:12Z,I dont expect votes on this but I had to submit. I used to listen to Laurie Anderson on the beach with my dad and the absurdity of her lyrics in all of her songs just constantly made me crack up and this was the first song of hers I heard. So this bizarre song has a special place in my heart and on pacific beach,013e6953aed744beb1a89f6215ff19c4
spotify:track:2uzyiRdvfNI5WxUiItv1y9,d2f9038dfd4243b2becf4b7114cc94fe,2021-09-18T15:41:27Z,"Baby driver bop, artists were coked out of their mind in their live performance, highly recommend",013e6953aed744beb1a89f6215ff19c4
spotify:track:44CF8F1pjTVub2vuA4FDQE,41173c75c0744b08bdebf53a8a6faf9a,2021-09-20T19:58:52Z,90% of the lyrics are just sound effects as onomatopoeia ,013e6953aed744beb1a89f6215ff19c4
spotify:track:4ofwffwvvnbSkrMSCKQDaC,e3a109c29f194ee5b2ce022672ca72c4,2021-09-25T05:00:22Z,,013e6953aed744beb1a89f6215ff19c4
spotify:track:4yGAvUDsz3ewg6oPZctgGX,5d6108a722d84535ab787ea0cbda958f,2021-09-25T02:54:43Z,,013e6953aed744beb1a89f6215ff19c4
spotify:track:6Xkq0bYbxnz67CGSZgDGkE,716e73d73d444b08b52ccc293c1b0517,2021-09-19T06:48:52Z,"From the composer of The Batman Lego Movie. Alternate title: ""Punani Dasani""",013e6953aed744beb1a89f6215ff19c4
spotify:track:7dUCFnaGSWLH6SdDP08NLP,3f0226c12803401681bb8528ffcbe375,2021-09-23T23:17:51Z,"I considered a lot of songs for this round, but I just couldn't pass up the opportunity to submit Athreya's anthem 😉",013e6953aed744beb1a89f6215ff19c4
spotify:track:0AUyNF6iFxMNQsNx2nhtrw,5946dbdca98f489ab0819f9784523ad7,2021-10-04T01:41:00Z,,b6a88f43465c47f6a2e0e86c7472e1df
spotify:track:0ked784BOZ1JtRVHux98jE,d2f9038dfd4243b2becf4b7114cc94fe,2021-10-04T01:41:47Z,Definitely check out the music video,b6a88f43465c47f6a2e0e86c7472e1df
spotify:track:1ZdhOMWyFR8Iv9eylMGYg2,a4126addfdc64ee085297b198466afb2,2021-10-10T18:34:57Z,,b6a88f43465c47f6a2e0e86c7472e1df
spotify:track:2A9rFFPwsnhusCh8ZMBvYY,3f0226c12803401681bb8528ffcbe375,2021-10-10T16:43:51Z,"Fine, I'll do it",b6a88f43465c47f6a2e0e86c7472e1df
spotify:track:2NbffhNltorifsuY5doB1l,68016b3ccb0e4780856c4bb8a8d798ed,2021-10-05T03:26:33Z,this whole song is 🥊🥊(except the last 30 seconds you can skip those),b6a88f43465c47f6a2e0e86c7472e1df
spotify:track:2Wi5ubKr8zSk8L3CLemyS4,716e73d73d444b08b52ccc293c1b0517,2021-10-04T01:40:27Z,"Know that if we fight, it will be to hyped-ass swing music. Consider this your warning.",b6a88f43465c47f6a2e0e86c7472e1df
spotify:track:5f5tMrP3ZZbNtiLIHKOQLS,5d6108a722d84535ab787ea0cbda958f,2021-10-05T03:43:27Z,,b6a88f43465c47f6a2e0e86c7472e1df
spotify:track:5omWAB5iNMHvbAfBSzkdu8,934a2386d8344626ba1d1aafd7108902,2021-10-10T17:19:03Z,"A little ambitious for me to think that god would be the one going down in this fight, but maybe singing the words will make them true?",b6a88f43465c47f6a2e0e86c7472e1df
spotify:track:69Sy7207dnixZ6w7RSV9Kb,41173c75c0744b08bdebf53a8a6faf9a,2021-10-05T16:33:18Z,,b6a88f43465c47f6a2e0e86c7472e1df
spotify:track:6kQ3W5LMxh6ftjEBssYgAd,bf2f8fe4ff5147e5b45f3ac75940a1b7,2021-10-09T21:58:57Z,,b6a88f43465c47f6a2e0e86c7472e1df
spotify:track:6lUY6MoqGgPnA27PHYxem5,619cf681c25244809e6cbfb0dffe66a1,2021-10-10T15:44:00Z,,b6a88f43465c47f6a2e0e86c7472e1df
spotify:track:6nTiIhLmQ3FWhvrGafw2zj,a04dbd780c1e4df59e1617574f1ae4a4,2021-10-07T19:17:32Z,"Turns out, fight may be the full opposite of whimsy... this shit is tough",b6a88f43465c47f6a2e0e86c7472e1df
spotify:track:72ysGFB4mZTgQsPqN9PzPS,89daec8f4d44437b9b6f4328a734c7a4,2021-10-04T05:32:17Z,LETS GO GIRLBOSSES,b6a88f43465c47f6a2e0e86c7472e1df
spotify:track:1iKVDnBTqmZErf96ldGrZe,a4126addfdc64ee085297b198466afb2,2021-10-24T01:59:31Z,From the first scene of the Americans! Shameless plug for a fantastic show,a884097ba95e46cea30aa357c161764a
spotify:track:1x8D2YdP5pQrXX2cZmrWr8,3f0226c12803401681bb8528ffcbe375,2021-10-23T18:25:27Z,"Somebody vultured ""Mr. Blue"", but the Shameless theme shamelessly slaps",a884097ba95e46cea30aa357c161764a
spotify:track:26YgItjwL6oo74te4QxkOF,619cf681c25244809e6cbfb0dffe66a1,2021-10-24T00:08:29Z,"Actually had something else down with more *sentimental* value, but this song makes me feel like I’m in the beginning of a coming of age movie",a884097ba95e46cea30aa357c161764a
spotify:track:2DLrgv7HhJanCuD8L9uJLR,89daec8f4d44437b9b6f4328a734c7a4,2021-10-19T04:08:41Z,,a884097ba95e46cea30aa357c161764a
spotify:track:2j90unMoDKo5xqR00xV6Oo,934a2386d8344626ba1d1aafd7108902,2021-10-18T15:07:25Z,,a884097ba95e46cea30aa357c161764a
spotify:track:2VvAAjMzOKXkJ9t8N9Rbup,d2f9038dfd4243b2becf4b7114cc94fe,2021-10-23T15:19:19Z,"If this doesn't win, you all have lost my trust",a884097ba95e46cea30aa357c161764a
spotify:track:41vXrvl9HIfUpijbIgi5R6,bf2f8fe4ff5147e5b45f3ac75940a1b7,2021-10-23T14:02:24Z,Best song in phineas and ferb,a884097ba95e46cea30aa357c161764a
spotify:track:6EIVLz5xM1xE29r0OmIkWt,716e73d73d444b08b52ccc293c1b0517,2021-10-18T14:56:13Z,A beautiful song from an incredible movie. It’s possible this song is only remarkable in the scene so go watch it!,a884097ba95e46cea30aa357c161764a
spotify:track:6GnihxGXNy1CRiiNrsqYeM,68016b3ccb0e4780856c4bb8a8d798ed,2021-10-19T02:52:24Z,,a884097ba95e46cea30aa357c161764a
spotify:track:6s421MSi0Y4rSuU5imKptL,41173c75c0744b08bdebf53a8a6faf9a,2021-10-22T02:22:36Z,,a884097ba95e46cea30aa357c161764a
spotify:track:6ta5yavnnEfCE4faU0jebM,5946dbdca98f489ab0819f9784523ad7,2021-10-18T15:19:00Z,*Bojack Horseman mild spoiler* This song WRECKED me at the end of Bojack Horseman but I love it. Runner up song was Baby Blue from the end of Breaking Bad,a884097ba95e46cea30aa357c161764a
spotify:track:6VUMlHTs06O4tvQTpuboVR,5d6108a722d84535ab787ea0cbda958f,2021-10-23T18:41:11Z,Show me your love,a884097ba95e46cea30aa357c161764a
spotify:track:6yEAAIEHu4GcUFptg5W9kI,a04dbd780c1e4df59e1617574f1ae4a4,2021-10-18T15:01:17Z,,a884097ba95e46cea30aa357c161764a
spotify:track:04jVEb76Kw5OrmGtlXlHxI,68016b3ccb0e4780856c4bb8a8d798ed,2021-11-03T18:28:28Z,for when you *like* this roommate,a90a32acc6bf47f2b5f7ab361245c6c9
spotify:track:0owmJNkGcGNq4hb6qt3ufd,5d6108a722d84535ab787ea0cbda958f,2021-11-03T18:25:17Z,,a90a32acc6bf47f2b5f7ab361245c6c9
spotify:track:0pdKRp2sUthTPe7RLWpPqQ,bf2f8fe4ff5147e5b45f3ac75940a1b7,2021-11-07T02:04:41Z,Not sure if this was the direction of this round but not knowing where you stand with someone to me was not knowing whether you're still friends with someone after you've both changed a lot and this song makes me think of that,a90a32acc6bf47f2b5f7ab361245c6c9
spotify:track:0PKmDncVOiNQLO6D1P6PXi,89daec8f4d44437b9b6f4328a734c7a4,2021-11-03T03:51:49Z,if u haven’t watched hercules we can’t talk anymore,a90a32acc6bf47f2b5f7ab361245c6c9
spotify:track:1dEKPZXU13GNRRcGD85fhJ,3f0226c12803401681bb8528ffcbe375,2021-11-03T03:49:11Z,"A true bop. Might as well submit before someone steals it, huh?",a90a32acc6bf47f2b5f7ab361245c6c9
spotify:track:1Jb8fejyUddXtl2JKAEFmQ,934a2386d8344626ba1d1aafd7108902,2021-11-03T03:26:55Z,,a90a32acc6bf47f2b5f7ab361245c6c9
spotify:track:2laAFvo3q3GIcXX7Ql8OeD,a04dbd780c1e4df59e1617574f1ae4a4,2021-11-03T03:21:57Z,,a90a32acc6bf47f2b5f7ab361245c6c9
spotify:track:2WOjLF83vqjit2Zh4B69V3,716e73d73d444b08b52ccc293c1b0517,2021-11-03T12:50:26Z,"Bob Dylan is clear on where he stands to be fair, its who he's singing to that's unsure.",a90a32acc6bf47f2b5f7ab361245c6c9
spotify:track:2XxZIwXWl6eFmOBm4heq2N,619cf681c25244809e6cbfb0dffe66a1,2021-11-05T14:00:00Z,A sort of “I’m done with the uncertainty!” take on this round’s theme. ,a90a32acc6bf47f2b5f7ab361245c6c9
spotify:track:3GCL1PydwsLodcpv0Ll1ch,41173c75c0744b08bdebf53a8a6faf9a,2021-11-03T05:09:08Z,A classic among classics,a90a32acc6bf47f2b5f7ab361245c6c9
spotify:track:4feXcsElKIVsGwkbnTHAfV,a4126addfdc64ee085297b198466afb2,2021-11-10T04:06:38Z,,a90a32acc6bf47f2b5f7ab361245c6c9
spotify:track:5FVd6KXrgO9B3JPmC8OPst,d2f9038dfd4243b2becf4b7114cc94fe,2021-11-09T21:18:38Z,,a90a32acc6bf47f2b5f7ab361245c6c9
spotify:track:6y6jbcPG4Yn3Du4moXaenr,5946dbdca98f489ab0819f9784523ad7,2021-11-03T03:39:07Z,"I had some submissions that would undoubtedly get more votes, but I stole all of them from Will, Lucy, or Jake so I figured I would submit something that I found without someone else from the group. Maybe not flashy and new but still a good song imo ",a90a32acc6bf47f2b5f7ab361245c6c9
spotify:track:18cCBvygH6yEFDY0cYN3wT,41173c75c0744b08bdebf53a8a6faf9a,2021-11-21T01:38:06Z,,eb6b683bebf54148a37cd2e1ef0e630d
spotify:track:2BstRQGodshjGpeDGQiNgo,d2f9038dfd4243b2becf4b7114cc94fe,2021-11-20T19:50:50Z,,eb6b683bebf54148a37cd2e1ef0e630d
spotify:track:2iDYHPLh9TOhDpknFZXPjD,68016b3ccb0e4780856c4bb8a8d798ed,2021-11-20T20:32:55Z,...this is the song I play on repeat while I study,eb6b683bebf54148a37cd2e1ef0e630d
spotify:track:2MA6YoaFF7fnWqkuOAWjUg,5d6108a722d84535ab787ea0cbda958f,2021-11-20T19:14:56Z,,eb6b683bebf54148a37cd2e1ef0e630d
spotify:track:2pctwNyXi67NJtzhojYuY0,716e73d73d444b08b52ccc293c1b0517,2021-11-20T19:08:22Z,"Everyone commenting ""oH mY i BeT tHiS iS jAmEs'"", love ya. Also an absolute bop, one of my favorite shanties. Its about WWI invasion of Gallipoli, kinda sad",eb6b683bebf54148a37cd2e1ef0e630d
spotify:track:2tOOcDDYkh0PSjr6GwPEAJ,619cf681c25244809e6cbfb0dffe66a1,2021-11-20T19:11:37Z,I feel kind of exposed but idk I started running and only had 1 running play list for the whole year and this was on it,eb6b683bebf54148a37cd2e1ef0e630d
spotify:track:2YpeDb67231RjR0MgVLzsG,a4126addfdc64ee085297b198466afb2,2021-11-20T23:16:23Z,The biggest hit…of 2019 ,eb6b683bebf54148a37cd2e1ef0e630d
spotify:track:3Dv1eDb0MEgF93GpLXlucZ,89daec8f4d44437b9b6f4328a734c7a4,2021-11-20T19:08:11Z,i coped with 2020 by listening to doja cat nonstop 🤪,eb6b683bebf54148a37cd2e1ef0e630d
spotify:track:3eGsNpXzcb1BDkfSJI54NY,a04dbd780c1e4df59e1617574f1ae4a4,2021-11-21T00:55:39Z,,eb6b683bebf54148a37cd2e1ef0e630d
spotify:track:4kbj5MwxO1bq9wjT5g9HaA,bf2f8fe4ff5147e5b45f3ac75940a1b7,2021-11-20T19:10:29Z,I only really started using spotify in the middle of 2020 (emma forced my hand) and this ended up on a few very short playlists that I listened to consistently bc I'm lazy,eb6b683bebf54148a37cd2e1ef0e630d
spotify:track:4R5vsMYHAPXfoNlNB8QgtU,934a2386d8344626ba1d1aafd7108902,2021-11-20T19:11:20Z,"When I was doing math homework, I would just put this on repeat ",eb6b683bebf54148a37cd2e1ef0e630d
spotify:track:5DYD4zlGiFlkpLaf2Bk8Vl,5946dbdca98f489ab0819f9784523ad7,2021-11-20T19:09:13Z,"I’m honestly shocked that this was my most listened to song in 2020, I think this song is good, but it’s like the 4th best song from this album. I think I added it to too many playlists, or maybe the fact that this song was released sooner from the Dreamland album than the rest of the songs gave it a boost, idk",eb6b683bebf54148a37cd2e1ef0e630d
spotify:track:65EVlEBJkMJCskhQwUUGew,3f0226c12803401681bb8528ffcbe375,2021-11-20T19:17:21Z,"Huh, I didn't realize I listened to this song most frequently last year.",eb6b683bebf54148a37cd2e1ef0e630d
spotify:track:0EHJOhOakEiobXo81vegdy,68016b3ccb0e4780856c4bb8a8d798ed,2021-12-05T00:35:54Z,"...once again, how embarrassing for me",e41a77662efe4af8966d1103c9807c04
spotify:track:0EodzyGsPuqU6BrW6wkFQE,619cf681c25244809e6cbfb0dffe66a1,2021-12-06T03:18:46Z,Spotify says I listened to this song 151 times. ,e41a77662efe4af8966d1103c9807c04
spotify:track:2zFdsAIk9r2Mi7Lmm1w3sM,d2f9038dfd4243b2becf4b7114cc94fe,2021-12-09T03:56:44Z,,e41a77662efe4af8966d1103c9807c04
spotify:track:32jOQyOqRdxSEiQJTjvZM2,a04dbd780c1e4df59e1617574f1ae4a4,2021-12-04T21:35:25Z,,e41a77662efe4af8966d1103c9807c04
spotify:track:3flQv4DNGg31Ic4vBv45Tj,5946dbdca98f489ab0819f9784523ad7,2021-12-04T21:32:22Z,"I saw this one coming from a mile away lmao I’ve been listening to the Celeste soundtrack nonstop, I looped this while working on code over the summer, it’s on all of my study music playlists. This was the song I was going to submit for video game music but didn’t because it’s too long, now y’all had to listen to it! :)",e41a77662efe4af8966d1103c9807c04
spotify:track:4bPMoXv9sfmXiBOx1D23LB,934a2386d8344626ba1d1aafd7108902,2021-12-05T00:25:09Z,My 2021 emotional support song,e41a77662efe4af8966d1103c9807c04
spotify:track:4djIFfof5TpbSGRZUpsTXq,bf2f8fe4ff5147e5b45f3ac75940a1b7,2021-12-04T21:30:34Z,I didnt think I listened to this that much but I do really like this song. Shoutout to my comp170 prof for exposing this song to me 👌,e41a77662efe4af8966d1103c9807c04
spotify:track:4ToogKQq58R9TvO40qRuxi,41173c75c0744b08bdebf53a8a6faf9a,2021-12-04T21:49:27Z,"Not super accurate b/c I only really started using spotify around May (also didn't have premium until like a week ago), but oh well",e41a77662efe4af8966d1103c9807c04
spotify:track:4xh7W7tlNMIczFhupCPniY,a4126addfdc64ee085297b198466afb2,2021-12-09T04:17:17Z,"This is my sixth favorite Fleetwood Mac song, it should not have the top spot. Still a classic. Also I think a fairly obvious submission from me ",e41a77662efe4af8966d1103c9807c04
spotify:track:6AGOKlMZWLCaEJGnaROtF9,89daec8f4d44437b9b6f4328a734c7a4,2021-12-05T00:36:02Z,doja cat was still my second top song tho… 🙈,e41a77662efe4af8966d1103c9807c04
spotify:track:6E4GwulavAVwwMph9ePPh6,716e73d73d444b08b52ccc293c1b0517,2021-12-04T21:40:33Z,"Slow beautiful song, used for studying/focus time because it's super calming. Not as hype as their other stuff but I love it to death.",e41a77662efe4af8966d1103c9807c04
spotify:track:6Tqc6BDF13Kr4iY443LoJb,5d6108a722d84535ab787ea0cbda958f,2021-12-09T04:49:29Z,,e41a77662efe4af8966d1103c9807c04
spotify:track:6UDFkqHY5gLREnSh9jd5th,3f0226c12803401681bb8528ffcbe375,2021-12-09T07:11:07Z,"Yeah James? What say you now? Jk, I wish someone had submitted this first. No way a repeat wins. Sad.",e41a77662efe4af8966d1103c9807c04
spotify:track:0LP2DlqqEH5Lo0ujWdHkUD,bf2f8fe4ff5147e5b45f3ac75940a1b7,2022-01-04T01:10:27Z,Really any of the Charlie Brown christmas music is uber cozy to me,21fe72edbbdd48e3a104bb5616fdc457
spotify:track:0ZA43HPPeTVV7hPoFlLeR2,5946dbdca98f489ab0819f9784523ad7,2021-12-28T18:56:08Z,I either stole this song from Lucy or discovered it while I was at her house junior year… can’t remember which though lol,21fe72edbbdd48e3a104bb5616fdc457
spotify:track:19doORzyzOFARW6I0Fydc8,89daec8f4d44437b9b6f4328a734c7a4,2021-12-28T18:43:05Z,i’m scared i got the vibe wrong but here we go ,21fe72edbbdd48e3a104bb5616fdc457
spotify:track:1Q1jsLcyE5vZrFspwsQce2,41173c75c0744b08bdebf53a8a6faf9a,2022-01-04T18:04:56Z,,21fe72edbbdd48e3a104bb5616fdc457
spotify:track:2hitsKa8SthKhRJBXUHbIv,a04dbd780c1e4df59e1617574f1ae4a4,2021-12-28T18:30:36Z,,21fe72edbbdd48e3a104bb5616fdc457
spotify:track:3jONVnCbgVkVCNocvE07ZE,68016b3ccb0e4780856c4bb8a8d798ed,2021-12-29T02:58:55Z,my lil comfort song these days :'),21fe72edbbdd48e3a104bb5616fdc457
spotify:track:41yIvlFgvGwxq8qTqAR7eG,619cf681c25244809e6cbfb0dffe66a1,2021-12-30T01:56:10Z,,21fe72edbbdd48e3a104bb5616fdc457
spotify:track:4qspyXnt3zrStg50pmDleF,d2f9038dfd4243b2becf4b7114cc94fe,2022-01-04T17:40:09Z,I may have taken this one too literally,21fe72edbbdd48e3a104bb5616fdc457
spotify:track:5yK37zazHUe3WxEvymZs20,716e73d73d444b08b52ccc293c1b0517,2021-12-28T18:37:06Z,"The backing track is so very warm, and the chorus has some feel good lyrics. Plus Chance's voice is just smooth.",21fe72edbbdd48e3a104bb5616fdc457
spotify:track:5yQrOvXWli8C7R6j56rowR,934a2386d8344626ba1d1aafd7108902,2022-01-04T02:25:06Z,"The songs that gave me the most ""warm and cozy"" vibes were the ones that explicitly mentioned the cold in contrast, so I thought this was good with the opening being about winter",21fe72edbbdd48e3a104bb5616fdc457
spotify:track:6pxElwU80zhjbCC77Vn8EI,3f0226c12803401681bb8528ffcbe375,2022-01-05T00:14:47Z,"¯\_(ツ)_/¯ I'm in Florida heat rn, can't expect me to think cold thoughts.",21fe72edbbdd48e3a104bb5616fdc457
spotify:track:7K6LFPfjdnN6QqvGzhvpRO,a4126addfdc64ee085297b198466afb2,2022-01-04T20:00:11Z,,21fe72edbbdd48e3a104bb5616fdc457
spotify:track:0Y4xg5612xZ3vAgWEkMjw3,5946dbdca98f489ab0819f9784523ad7,2022-01-15T22:20:32Z,"I found this song in like AUGUST and I’ve been wanting to use it ever since, it is definitely one of my favorite songs that I discovered last year",5d80d1df32104823a522a76b067fe559
spotify:track:2CgBqLufSdwMt0FMIu1CVn,3f0226c12803401681bb8528ffcbe375,2022-01-16T09:00:15Z,Opening song to the Hitchhiker's Guide movie. Absolute bop. Sung by dolphins.,5d80d1df32104823a522a76b067fe559
spotify:track:3A4FRzgve9BjfKbvVXRIFO,68016b3ccb0e4780856c4bb8a8d798ed,2022-01-15T22:43:55Z,,5d80d1df32104823a522a76b067fe559
spotify:track:4mf2RI5bcTvpzcFq7ZRlTp,a04dbd780c1e4df59e1617574f1ae4a4,2022-01-16T00:30:23Z,,5d80d1df32104823a522a76b067fe559
spotify:track:4RxyIfOAN8HsjBBoKKt0A4,41173c75c0744b08bdebf53a8a6faf9a,2022-01-17T01:14:32Z,,5d80d1df32104823a522a76b067fe559
spotify:track:5lLiVVtap1z4PoeWe6mNMG,d2f9038dfd4243b2becf4b7114cc94fe,2022-01-23T00:20:45Z,,5d80d1df32104823a522a76b067fe559
spotify:track:5YRIDSxRVa1ErAVmjJARcR,934a2386d8344626ba1d1aafd7108902,2022-01-15T22:21:39Z,,5d80d1df32104823a522a76b067fe559
spotify:track:65KzDXZm9aQt8sA1k0ZVG3,bf2f8fe4ff5147e5b45f3ac75940a1b7,2022-01-22T01:55:37Z,,5d80d1df32104823a522a76b067fe559
spotify:track:6DwRQI2K03MTNULcasnhUh,716e73d73d444b08b52ccc293c1b0517,2022-01-16T04:20:58Z,Asked a friend for a rec and they DID NOT disappoint,5d80d1df32104823a522a76b067fe559
spotify:track:6w4KcqHYBff2CXKtAVigtl,619cf681c25244809e6cbfb0dffe66a1,2022-01-22T16:16:59Z,,5d80d1df32104823a522a76b067fe559
spotify:track:709ffFK4o4MtG1NKoLvOma,a4126addfdc64ee085297b198466afb2,2022-01-22T02:43:32Z,,5d80d1df32104823a522a76b067fe559
spotify:track:7FjIYiD53wxlQmzTT6Wdpf,89daec8f4d44437b9b6f4328a734c7a4,2022-01-15T22:58:04Z,i just think this song is mad cute… ,5d80d1df32104823a522a76b067fe559
